domain,email_found,pages_tried,business_names
zapgo.pl,biuro@zapgo.pl,homepage,Zap&go Sp. z o.o.; Zap&go Sp. z o.o.; Zap&amp;go Sp. z o.o.; Zap&amp;go Sp. z o.o.
ekomilo.pl,kontakt@ekomilo.pl,homepage,Ekomilo | firma sprzątająca Warszawa | kompleksowe sprzątanie dla firm; Ekomilo | firma sprzątająca Warszawa | kompleksowe sprzątanie dla firm; Ekomilo Sp. z o.o.; Ekomilo | firma sprzątająca Warszawa | kompleksowe sprzątanie dla firm; Ekomilo | firma sprzątająca Warszawa | kompleksowe sprzątanie dla firm; Ekomilo Sp. z o.o.
czystedomy.com,,homepage; /kontakt,Sy Czyste Domy Sp. z o.o.; Svitlana Yankovska Czyste Domy; Sy Czyste Domy Sp. z o.o.; Svitlana Yankovska Czyste Domy
markclin.pl,,homepage; /kontakt,Usługi sprzątające - MarkClin Marcin Karczewski; Usługi sprzątające - MarkClin Marcin Karczewski
mach-fachogrodzenia.pl,,homepage; /kontakt,Mach-Fach; Mach-Fach
mwrexpertwwa.pl,qwertyko22@wp.pl,homepage,M.W.R Expert Marta Sopińska; M.W.R Expert Marta Sopińska
pagor.eu,,,"Pagór-Prace Wysokościowe, Montaż Billboardów i Tablic Reklamowych; Pagór-Prace Wysokościowe, Montaż Billboardów i Tablic Reklamowych"
amis.rzetelnafirma.pl,zup.amis@vp.pl,homepage,Anna Michalak Zakład Usług Porządkowych Amis Sprzątanie Wnętrz; Anna Michalak Zakład Usług Porządkowych Amis Sprzątanie Wnętrz
asteria.waw.pl,,,Asteria Kompleksowe Usługi Porządkowe; Asteria Kompleksowe Usługi Porządkowe
stefpolcleaning.pl,,,Stefpol Cleaning; Stefpol Cleaning
galserwis.pl,galserwis@gmail.com,homepage,"Gal Serwis - serwis klimatyzacji samochodowej, akumulatory, pranie tapicerki; Gal Serwis - serwis klimatyzacji samochodowej, akumulatory, pranie tapicerki; Gal Serwis - serwis klimatyzacji samochodowej, akumulatory, pranie tapicerki; Gal Serwis - serwis klimatyzacji samochodowej, akumulatory, pranie tapicerki"
rmkcleaningservice.pl,r.m.kcleaningservice21@gmail.com,homepage,R.M.K Cleaning Service Marcin Bąk; R.M.K Cleaning Service Marcin Bąk; R.M.K Cleaning Service Marcin Bąk; R.M.K Cleaning Service Marcin Bąk; R.M.K Cleaning Service Marcin Bąk; R.M.K Cleaning Service Marcin Bąk
clintom.pl,,homepage; /kontakt,Clin-Tom Tomasz Szklarski; Clin-Tom Tomasz Szklarski
agatex.com.pl,,homepage; /kontakt,AGATEX-POL - Firma Sprzątająca; AGATEX-POL - Firma Sprzątająca
praniedywanow.com.pl,konrad.mln@gmail.com,homepage; /kontakt,"High Grade Konrad Malinowski; Pranie dywanów, wykładzin i tapicerek. High Grade Konrad Malinowski; High Grade Konrad Malinowski; Pranie dywanów, wykładzin i tapicerek. High Grade Konrad Malinowski"
axona.pl,,homepage; /kontakt,Axona Skrzydelski Sp. j.; Axona Skrzydelski Sp. j.
extracleaning.pl,kontakt@extracleaning.pl,homepage,Extra Premium Group Sp. z o.o.; Extra Premium Group Sp. z o.o.
velnor.pl,024kontakt@velnor.pl,homepage,VELNOR Sp. z o.o.; VELNOR Sp. z o.o.
eko-raff.com.pl,,homepage; /kontakt,Eko-Raff; Eko-Raff
dndnieruchomosci.com.pl,sekretariat@did-zan.waw.pl,homepage; /kontakt,D&D Zarządzanie administrowanie nieruchomościami Chróścikowska Spółka Jawna; D&D Zarządzanie administrowanie nieruchomościami Chróścikowska Spółka Jawna; D&amp;D Zarządzanie administrowanie nieruchomościami Chróścikowska Spółka Jawna; D&amp;D Zarządzanie administrowanie nieruchomościami Chróścikowska Spółka Jawna
inoffice.pl,159kkubiszewska@inoffice.pl,homepage,Inoffice Sp. z o.o.; Inoffice Sp. z o.o.
drytouch.pl,biuro@drytouch.pl,homepage,Dry Touch - Profesjonalne osuszanie i lokalizacja przecieków; Dry Touch - Profesjonalne osuszanie i lokalizacja przecieków
zamek-ochrona.com.pl,biuro@zamek-ochrona.com.pl,homepage; /kontakt,Zamek sp.j.; Zamek sp.j.
dor-chem.pl,biuro@dor-chem.pl,homepage,Dorchem Dorota Sawicka; Dorchem Dorota Sawicka
fajnamyjnia.pl,,homepage; /kontakt,Fajna myjnia.pl; Fajna myjnia.pl
tedan.com.pl,,homepage; /kontakt,Tedan Sp. z o.o.; Tedan Sp. z o.o.
kwiatynapogrzeb.pl,kwiaciarnia@kwiatynapogrzeb.pl,homepage,Kwiatynapogrzeb.pl Kwiaciarnia Piotr Pyźlak; Kwiatynapogrzeb.pl Kwiaciarnia Piotr Pyźlak
dekonta.pl,biuro@dekonta.plFind,homepage,Dekonta Polska Sp. z o. o.; Dekonta Polska Sp. z o. o.
fagus.waw.pl,biuro@fagus.waw.pl,homepage,Fagus sp. z o.o.; Fagus sp. z o.o.
pkt.pl,kontakt@wenet.pl,homepage; /kontakt,Pekatek. Ogłoszenie prezentacyjne; Pekatek. Ogłoszenie prezentacyjne
wypozyczalniamarkonii.com,uslugi@wypozyczalniamarkonii.com,homepage,Markonii wypożyczalnia odkurzaczy piorących myjek ciśnieniowych parownice; Markonii wypożyczalnia odkurzaczy piorących myjek ciśnieniowych parownice
rainbowsystem.com.pl,bogjanrb@gmail.com,homepage,Rainbow Polska Sp. z o.o.; Rainbow Polska Sp. z o.o.
srodkiczystosci-adam.pl,adas70@onet.eu,homepage; /kontakt,Hurtownia Chemii Gospodarczej Adam Karaśkiewicz; Hurtownia Chemii Gospodarczej Adam Karaśkiewicz
aria.warszawa.pl,,,1. Gem Robert Peszke 2. Noe Robert Peszke; 1. Gem Robert Peszke 2. Noe Robert Peszke
trzysta.pl,,homepage,300 Sp. z o.o.; 300 Sp. z o.o.
4ec.pl,biuro@4ec.pl,homepage,4 Ever Clean 1 Sp. z o.o.; 4 Ever Clean 1 Sp. z o.o.
4m-cleaning.pl,ksiegowosc@4m-cleaning.pl,homepage,4M Cleaning 2 Sp. z o.o. w Organizacji; 4M Cleaning 3 Sp. z o.o. w Organizacji; 4m Cleaning 4 Sp. z o.o. w Organizacji; 4m Cleaning 7 Sp. z o.o. w Organizacji; 4M Cleaning Sp. z o.o.; 4M Cleaning 2 Sp. z o.o. w Organizacji; 4M Cleaning 3 Sp. z o.o. w Organizacji; 4m Cleaning 4 Sp. z o.o. w Organizacji; 4m Cleaning 7 Sp. z o.o. w Organizacji; 4M Cleaning Sp. z o.o.
sprzatamy.pl,,homepage; /kontakt; /contact,7 Dni Mariusz Zakowicz; 7 Dni Mariusz Zakowicz
ampartners.pl,biuro@ampartners.pl,homepage,A & M Partners Sp. z o.o.; Eko-Partner; A &amp; M Partners Sp. z o.o.; Eko-Partner
adgroup.com.pl,,,AD Group Sp. z o.o.; AD Group Sp. z o.o.
adak.waw.pl,adak@adak.waw.pl,homepage,"""Adak"" Adam Panek; &quot;Adak&quot; Adam Panek"
adgor.pl,adgor@adgor.pl,homepage,Adgor Adriana Kaliszewska; Adgor Adriana Kaliszewska
mateista.pl,132Sklep@mateista.pl,homepage,Adrian Polewski Luxise - Profesjonalne sprzątanie; Adrian Polewski Luxise - Profesjonalne sprzątanie
agapelux.pl,biuro@agapelux.pl,homepage,Agapelux Sp. z o.o.; Agapelux Sp. z o.o.
a-cs.pl,,homepage; /kontakt,"""Airport Cleaning Service"" Sp. z o.o.; &quot;Airport Cleaning Service&quot; Sp. z o.o."
aandjservices.pl,,,A&J Clean And Clear Services Jacek Ziętek; A&amp;J Clean And Clear Services Jacek Ziętek
sprzatanie-warszawa.com.pl,,,AK Lux Clean; AK Lux Clean
whiteclean.pl,whiteclean.pl@gmail.com,homepage,Alena Tyshkevich WhiteClean – firma sprzątająca; Alena Tyshkevich WhiteClean – firma sprzątająca
alfagroup.com.pl,,homepage; /kontakt,Alfa Group Sp. z o.o. Best Sp.k.; Alfa Group Sp. z o.o. Bring Sp.k.; Alfa Group Sp. z o.o. Best Sp.k.; Alfa Group Sp. z o.o. Bring Sp.k.
goldemerald.pl,ge.group.pl@gmail.com,homepage,Aliaksandra Mauchan Gold Emerald; Aliaksandra Mauchan Gold Emerald
legfalin0.wixsite.com,,,Alpinzerg Sp. z o.o.; Alpinzerg Sp. z o.o.
alwipol.pl,kontakt@alwipol.pl,homepage,Alwi Pol Sp. z o.o.; Alwi Pol Sp. z o.o.
amalblysk.pl,,,"""Amal"" Daniel Stefański; &quot;Amal&quot; Daniel Stefański"
amiko.com.pl,,homepage; /kontakt; /contact,"""Amiko"" Firma Usługowo-Handlowa; Firma Usługowo-Handlowa Amiko Plus S.C. S. Kolator A. Michalski; &quot;Amiko&quot; Firma Usługowo-Handlowa; Firma Usługowo-Handlowa Amiko Plus S.C. S. Kolator A. Michalski"
amosprzatanie.com,,,Amox Sp. z o.o.; Amox Sp. z o.o.
annax.pl,,,"""Annax"" Anna Kukuła; Annax-Anna Kukuła; &quot;Annax&quot; Anna Kukuła; Annax-Anna Kukuła"
anta-sprzatanie.pl,,,Anta Usługi Sanitarno-Porządkowe Jolanta Strzeszewska-Wesoły; Anta Usługi Sanitarno-Porządkowe Jolanta Strzeszewska-Wesoły
ochrona-lider.pl,biuro@ochrona-lider.pl,homepage,A.O.Lider Security Paulina Malik; A.O.Lider Security Paulina Malik
apa-group.pl,883biuro@apa-group.plfacebook,homepage,Apa Group Sp. z o.o.; Apa Group Sp. z o.o.; Apa Group Sp. z o.o.; Apa Group Sp. z o.o.
apleban.pl,biuro@apleban.pl,homepage,"""A.P-Efekt"" Sp. z o.o.; &quot;A.P-Efekt&quot; Sp. z o.o."
apws.pl,,homepage; /kontakt; /contact,Apws Dariusz Klosak Sp.k.; Apws Dariusz Klosak Sp.k.
myarians.pl,,homepage; /kontakt; /contact,Arians Sp. z o.o.; Arians Sp. z o.o.
ariston.com.pl,,homepage,Ariston Servis; Ariston Servis
ar-lenafirmatransportowa.com,,,Ar-Lena Artur Lewandowski; Ar-Lena Artur Lewandowski
artdandeco.pl,,,Art Dandeco Sp. z o.o.; Art Dandeco Sp. z o.o.
aseb-zone.pl,asebzone@gmail.com,homepage,Aseb-Zone Sp. z o.o.; Aseb-Zone Sp. z o.o.
aserwis.com.pl,,,Aserwis Sp. z o.o.; Aserwis Sp. z o.o.
attyka.org,,,Attyka Sp. z o.o. w Organizacji; Attyka Sp. z o.o. w Organizacji
awima.pl,biuro@awima.pl,homepage,Awima Sp. z o.o.; Awima Sp. z o.o.
azymutczystosc.pl,,,"""Azymut Czystość"" Robert Odzimek; &quot;Azymut Czystość&quot; Robert Odzimek"
baldur.com.pl,baldur@baldur.com.pl,homepage,Baldur Danuta Rucińska; Baldur Danuta Rucińska
basfa.pl,kontakt@piorix.pl,homepage,Basfa Piotr Gogolewski; Basfa Piotr Gogolewski
biurobezwirusa.pl,,,Bbw Group Sp. z o.o.; Bbw Group Sp. z o.o.
detektyw-bd24.pl,kontakt@detektyw-bd24.pl,homepage,BD 24 Sp. z o.o.; BD 24 Sp. z o.o.
sprzataniepowierzchni.com.pl,,,"""BelloDecor"" Zbigniew Wieczorek; &quot;BelloDecor&quot; Zbigniew Wieczorek"
magben.com.pl,kontakt@magben.com.pl,homepage,Beniamin Biernacki Magben; Beniamin Biernacki Magben
bewer.pl,biuro@bewer.pl,homepage,"""Bewer"" Sp. z o.o.; &quot;Bewer&quot; Sp. z o.o."
biomanagement.pl,,,Bio Management Polska Sp. z o.o.; Bio Management Polska Sp. z o.o.
biosasystem.pl,biosasystem@gmail.com,homepage,Biosa-System Beata Lepa; Biosa-System Beata Lepa
czaja.pl,biuro@czaja.pl,homepage,Błysk Jarosław Czaja Usługi Porządkowe; Błysk Jarosław Czaja Usługi Porządkowe
brukarstwo-mazowieckie.com.pl,,,Bog-Dar Dariusz Iglewski; Bog-Dar Dariusz Iglewski
bolla.pl,,homepage; /kontakt; /contact,Bolla Sp. z o.o.; Bolla Sp. z o.o.
bomax-warszawa.pl,,homepage,Bomax - Sprzątanie Wnętrz i Mycie Okien; Bomax - Sprzątanie Wnętrz i Mycie Okien
borste.pl,,homepage; /kontakt; /contact,Borste Service Sp. z o.o.; Borste Service Sp. z o.o.
sprzatanie-megan.waw.pl,kontakt@idealnesprzatanie.pl,homepage,Bożena Wojciechowska Megan; Bożena Wojciechowska Megan
bravosprzatanie.pl,biuro@bravosprzatanie.pl,homepage,Bravo Sprzątanie; Bravo Sprzątanie
businesspack.eu,,,Business Pack; Business Pack
bpservices.pl,biuro@bpservices.pl,homepage,Business Protective Services Sp. z o.o.; Business Protective Services Sp. z o.o.
tchservice.pl,tomek@poleska.pl,homepage,Centrum Handlu i Usług Poleska Tomasz Chojnowski; Centrum Handlu i Usług Poleska Tomasz Chojnowski
chello-event.pl,,,Chello Sp. z o.o.; Chello Sp. z o.o.
citysecurity.pl,,,City Patrol 3 Sp. z o.o.; City Security Agencja Ochrony 2 Sp. z o.o.; Grupa City Security 2 Sp. z o.o.; Poland City Security Group Sp. z o.o.; Poland City Security Sp. z o.o.; City Patrol 3 Sp. z o.o.; City Security Agencja Ochrony 2 Sp. z o.o.; Grupa City Security 2 Sp. z o.o.; Poland City Security Group Sp. z o.o.; Poland City Security Sp. z o.o.
cleanandsafety.pl,,,"""Clean & Safety II"" Sp. z o.o.; &quot;Clean &amp; Safety II&quot; Sp. z o.o."
cleanlife.pl,biuro@cleanlife.pl,homepage,"""Clean Life"" Sp. z o.o.; &quot;Clean Life&quot; Sp. z o.o."
cleanlines.pl,,,Clean Lines Sp. z o.o.; Clean Lines Sp. z o.o.
cleanperfectplus.pl,info@cleanperfectplus.pl,homepage,Clean Perfect Plus Sp. z o.o.; Clean Perfect Plus Sp. z o.o.
cleanbee.pl,,homepage; /kontakt,Cleanbee Sp. z o.o.; Cleanbee Sp. z o.o.
cleaner.com.pl,wycena@cleaner.com.pl,homepage,"""Cleaner"" Sp. z o.o. Sp.k.; &quot;Cleaner&quot; Sp. z o.o. Sp.k."
cleaning-universal-sp-zo-o.business.site,,,Cleaning Universal Sp. z o.o.; Cleaning Universal Sp. z o.o.
cleanmess.pl,biuro@cleanmess.pl,homepage,CleanMess Anna Chojnacka; CleanMess Anna Chojnacka
cleanuphome.com.pl,cleanuphome@wp.pl,homepage; /kontakt,"""Cleanuphome"" Adam Skarżycki; &quot;Cleanuphome&quot; Adam Skarżycki"
clearbusiness.pl,biuro@clearbusiness.plMenuStrona,homepage,Clear Business Sp. z o.o.; Clear Business Sp. z o.o.
concordiauc.pl,,homepage; /kontakt; /contact,Concordia Utrzymanie Czystości S.C.; Concordia Utrzymanie Czystości S.C.
cooosh.pl,,,Cooosh.Pl Sp. z o.o.; Cooosh.Pl Sp. z o.o.
crisoma.pl,crisoma@crisoma.pl,homepage,"""Crisoma"" S.C.; &quot;Crisoma&quot; S.C."
czy100pl.pl,czysto.wawa@gmail.com,homepage,Czy100pl Michał Kotwiński; Czy100pl Michał Kotwiński
czystydom-warszawa.pl,oksanaduszak@gmail.com,homepage; /kontakt,Czysty Dom Sp. z o.o.; Czysty Dom Sp. z o.o.
sprzataniegrobow.eu,,homepage; /kontakt,Czyszczenie Na Życzenie Maciej Sowiński; Czyszczenie Na Życzenie Maciej Sowiński
dabjarsprzatanie.pl,,,Dab-Jar Jarosław Dąbkowski; Dab-Jar Jarosław Dąbkowski
dkprotect.pl,daniel@dkprotect.pl,homepage,Daniel Dytman Protect & Clean; Daniel Dytman Protect &amp; Clean
uslugiwysokosciowe.waw.pl,dante.makarow@wp.pl,homepage,Dante Usługi Wysokościowe Ewa Słowiok; Dante Usługi Wysokościowe Ewa Słowiok
kompleks24.pl,biuro@kompleks24.pl,homepage,Dariusz Wojciechowski Kompleks; Dariusz Wojciechowski Kompleks
dbajodom.com,,,Dbaj o Dom Sp. z o.o.; Dbaj o Dom Sp. z o.o.
dc-system.com.pl,,,DC System Sp. z o.o.; DC System Sp. z o.o.
dcs-multi-serwis.pl,,,Dcs Multi-Serwis Michał Łoskot; Dcs Multi-Serwis Michał Łoskot
dezpro.pl,kontakt@dezpro.pl,homepage; /kontakt,Dezpro Adrian Borek; Dezpro Adrian Borek
dezynsekcja24.pl,h.skowronek@dezynsekcja24.pl,homepage; /kontakt,Dezynsekcja Dezynfekcja Deratyzacja Sprzątanie Wnętrz Hanna Skowronek; Dezynsekcja Dezynfekcja Deratyzacja Sprzątanie Wnętrz Hanna Skowronek
dozorbud.pl,sekretariat@grupadgp.pl,homepage,Dgp Clean Partner Sp. z o.o.; Dgp Clean Partner Sp. z o.o.
pro-cleaner.com.pl,,,Direct Support Sp. z o.o.; Direct Support Sp. z o.o.
dobryserwis.waw.pl,,homepage,"""Dobry Serwis"" S.C.; &quot;Dobry Serwis&quot; S.C."
doctorrope.pl,biuro@doctorrope.pl,homepage,Doctor Rope Joanna Pagórek; Doctor Rope Joanna Pagórek
dorek.waw.pl,,homepage,Dorek Yury Volkau; Dorek Yury Volkau
serwer1588956.home.pl,,,DS Vision Sp. z o.o.; DS Vision Sp. z o.o.
dussmann.pl,,homepage; /kontakt; /contact,Dussmann Service Polska Sp. z o.o.; Dussmann Service Polska Sp. z o.o.
profesjonalnesprzatanie.pl,biuro@profesjonalnesprzatanie.pl,homepage,D.z. Sylwia Typek; D.z. Sylwia Typek
dziubek.waw.pl,,homepage,"""Dziubek"" Zbigniew Misiński; &quot;Dziubek&quot; Zbigniew Misiński"
eben-hezer.pl,biuro@eben-hezer.com.pl,homepage,"""Eben-Hezer"" PHU; &quot;Eben-Hezer&quot; PHU"
gccleaning.pl,,,Eco-Land Sp. z o.o.; Eco-Land Sp. z o.o.
ecosteam24.pl,praca@ecosteam24.com.pl,homepage,EcoSteam24; EcoSteam24
eddom.az.pl,sekretariat@eddom.az.pl,homepage,Eddom-Zarządzanie Nieruchomościami Krzysztof Ryciuk; Eddom-Zarządzanie Nieruchomościami Krzysztof Ryciuk
ekobris.pl,biuro@ekobris.pl,homepage,Ekobris S.C.; Ekobris S.C.
ekologika.waw.pl,katarzyna.aniszewska@ekologika.waw.pl,homepage,Ekologika Sp. z o.o.; Ekologika Sp. z o.o.
eko-promesa.pl,ekopromesa@gmail.com,homepage,Eko-Promesa Sp. z o.o.; Eko-Promesa Sp. z o.o.
grodno.pl,info@grodno.pl,homepage,"""Elatex"" S.C. Elżbieta Pecho Iwona Kaniewska; &quot;Elatex&quot; S.C. Elżbieta Pecho Iwona Kaniewska"
dbfomokotow.pl,dbfomokotow@dbfomokotow.pl,homepage,Elżbieta Gajc Dcs; Elżbieta Gajc Dcs
ement.pl,biuro@ement.pl,homepage,Ement Clean Aleksander Garlej; Ement Clean Aleksander Garlej
emerhouse-services.pl,t.kozlowski@emerhous-services.pl,homepage,Emerhouse Services Sp. z o.o.; Emerhouse Services Sp. z o.o.
sprzataniegrobow.waw.pl,,homepage; /kontakt; /contact,"""Emka Plus"" Krzysztof Mazur; &quot;Emka Plus&quot; Krzysztof Mazur"
ozog.com.pl,,,"""Eram"" Adam Ożóg; &quot;Eram&quot; Adam Ożóg"
ergon.net.pl,,homepage,"""Ergon"" PHPU Produkcja Ścierek do Sprzątania; &quot;Ergon&quot; PHPU Produkcja Ścierek do Sprzątania"
er-myt.com.pl,biuro@er-myt.com.pl,homepage,Er-Myt Ryszard Nowakowski; Er-Myt Ryszard Nowakowski
rema.pl,biuro@escortiwspolnicy.pl,homepage,Escort Sp. z o.o.; Escort Sp. z o.o.
escortiwspolnicy.pl,biuro@escortiwspolnicy.pl,homepage,"""Escort"" Sp. z o.o. I Wspólnicy Sp.k.; &quot;Escort&quot; Sp. z o.o. I Wspólnicy Sp.k."
euro-insekt.pl,kontakt@euro-insekt.pl,homepage,Euro Insekt Marek Smoczyński; Euro Insekt Marek Smoczyński
euroblysk.eu,biuro@euroblysk.eu,homepage,"""Euro-Błysk"" Sp. z o.o.; &quot;Euro-Błysk&quot; Sp. z o.o."
evan-service.pl,kontakt@evan-service.pl,homepage,Evan S.C. Ewa Nowicka Tomasz Nowicki; Evan S.C. Ewa Nowicka Tomasz Nowicki
grupaever.com.pl,recepcja@grupaever.com.pl,homepage,Ever Cleaning Sp. z o.o.; Proscan Sp. z o.o.; Ever Cleaning Sp. z o.o.; Proscan Sp. z o.o.
hers.pl,kontakt@hers.pl,homepage,Everest International Service Group Sp. z o.o.; Everest International Service Group Sp. z o.o.
expert-sprzatanie.pl,,,Expert Sprzatanie Sp. z o.o.; Expert Sprzatanie Sp. z o.o.
fargo-fargo.pl,t.poryszewski@gmail.com,homepage; /kontakt,Fargo-Tomasz Poryszewski; Fargo-Tomasz Poryszewski
felis.com.pl,felis@felis.pl,homepage; /kontakt,Felis Janusz Gierusz; Felis Janusz Gierusz
legalizacja-obcokrajowcy.pl,,,Feniks.Ik Sp. z o.o.; Feniks.Ik Sp. z o.o.
sprzatanie-klar.pl,e.godlewska@sprzatanie-klar.pl,homepage,"F.H.U. ""Klar""; F.H.U. &quot;Klar&quot;"
bialyslon-pranie-czyszczenie.pl,,,Firma Usługowa Biały Słoń Sp. z o.o.; Firma Usługowa Biały Słoń Sp. z o.o.
fugao-sprzatanie.pl,,,"""Fugao"" Bartosz Sulima; &quot;Fugao&quot; Bartosz Sulima"
galtim.com.pl,,homepage; /kontakt,Galtim Sp. z o.o. w Organizacji; Galtim Sp. z o.o. w Organizacji
marianoitalianopizza.pl,,,"""Garus"" FHU Agnieszka Rudaś; &quot;Garus&quot; FHU Agnieszka Rudaś"
gentlehouse.eu,,,Gentle House Polska Sp. z o.o.; Gentle House Polska Sp. z o.o.
glans3.pl,,,"""Glans III"" Sp. z o.o.; &quot;Glans III&quot; Sp. z o.o."
gloss.com.pl,,,"""Gloss"" Firma Usługowo-Sprzątająca Iwona Grażyna Gadzała; &quot;Gloss&quot; Firma Usługowo-Sprzątająca Iwona Grażyna Gadzała"
sprzatanie.sklep.pl,,,Gold Hand Sp. z o.o.; Gold Hand Sp. z o.o.
golkonda.pl,info@golkonda.pl,homepage; /kontakt,Golkonda M. Rujna B. Sieńczyk Sp. J.; Golkonda M. Rujna B. Sieńczyk Sp. J.
greenpointpp.pl,kontakt@greenpointpp.pl,homepage,Green Point Pp Polska Sp. z o.o. Sp. k.; Green Point Pp Polska Sp. z o.o. Sp. k.
greenwhite.pl,,,Green White Sp. z o.o.; Green White Sp. z o.o.
grupaaristo.pl,,homepage; /kontakt; /contact,Grupa Aristo Sp. z o.o.; Grupa Aristo Sp. z o.o.
oxycorp.pl,karol.pietrewicz@oxycorp.plJan,homepage; /kontakt,Grupa Oxycorp Sp. z o.o.; Grupa Oxycorp Sp. z o.o.
grupaserwisowa.sklep.pl,,homepage; /kontakt; /contact,Grupa Serwisowa Sp. z o.o. Sp.k.; Grupa Serwisowa Sp. z o.o. Sp.k.
gsgsecurity.pl,386biuro@gsgsecurity.plrekrutacja,homepage,Gsg Security Sp. z o.o.; Gsg Security Sp. z o.o.
partnersw.pl,,,"Halina Urbańska ""Partner ""; Halina Urbańska &quot;Partner &quot;"
sprzatanie-mazowieckie.pl,biuro@sprzatanie-mazowieckie.pl,homepage,Halyna Dubovets; Halyna Dubovets
tajemniczyogrod-sklep.pl,sklep@tajemniczyogrod-sklep.pl,homepage,Hankostar Sp. z o.o.; Hankostar Sp. z o.o.
prusator.pl,kontakt@prusator.pl,homepage,Insektor Paulina Suska; Insektor Paulina Suska
boldline.jcom.pl,,,Insite Paweł Kucharski; Insite Paweł Kucharski
interlux.pl,73biuro@interlux.pl,homepage,INTERLUX S.C.; INTERLUX S.C.
pl.issworld.com,piotr.stelmach@pl.issworld.com,homepage; /kontakt,ISS Facility Services Sp. z o.o.; ISS Facility Services Sp. z o.o.
iwago.pl,biuro@iwago.pl,homepage,Iwago-Polska Sp. z o.o.; Iwago-Polska Sp. z o.o.
arstem.pl,biuro@arstem.pl,homepage,Jacek Stefanowski Arstem; Jacek Stefanowski Arstem
jadora.pl,jadora@op.pl,homepage,"""Jadora"" Usługi Porządkowe Jarosław Krzywicki; &quot;Jadora&quot; Usługi Porządkowe Jarosław Krzywicki"
jakmar.pl,biuro@jakmar.pl,homepage,Jakmar; Jakmar
jalles.pl,jalles@jalles.pl,homepage,Jalles; Jalles
janhel pl,,,Janhel Sp. z o.o.; Janhel Sp. z o.o.
sprzataniebudynkowwarszawa.pl,,,Jarosław Zdanikowski; Jarosław Zdanikowski
jpb-group.pl,,homepage,Jps Group Sp. z o.o.; Jps Group Sp. z o.o.
juwentus.pl,bok@juwentus.pl,homepage; /kontakt,Juwentus Serwis Sp. z o.o.; Juwentus Serwis Sp. z o.o.
k-and-k.pl,,,"""K & K"" S.C. Krystyna Rozbicka Krystyna Kruk; &quot;K &amp; K&quot; S.C. Krystyna Rozbicka Krystyna Kruk"
uslugi-ddd.pl,,homepage,"Kamil Wróblewski ""Mklik-Pest Control""; Kamil Wróblewski &quot;Mklik-Pest Control&quot;"
karabinek.com,,,Karabinek Sp. z o.o.; Karabinek Sp. z o.o.
czystymebel.pl,.waw@gmail.com,homepage,Karol Mirowski; Karol Mirowski
kireisprzatanie.pl,kontakt@kireisprzatanie.pl,homepage,Kirei Marcin Bartoszewicz; Kirei Marcin Bartoszewicz
komfort.com.pl,,homepage,Komfort Czyszczenia Wentylacji Sp. z o.o.; Komfort Czyszczenia Wentylacji Sp. z o.o.
kristallglass.eu,info@kristallglass.eu,homepage,Kristallglass Sp. z o.o.; Kristallglass Sp. z o.o.
warszawskikominiarz.pl,biuro@warszawskikominiarz.pl,homepage; /kontakt,Krystian Rybicki; Krystian Rybicki
tomanet.pl,,,Ksmb Serwis Bieliński Sp.j.; Ksmb Serwis Bieliński Sp.j.
kzcomplex.pl,,homepage; /kontakt,Kz Complex Sp. z o.o.; Kz Complex Sp. z o.o.
levelsolution.pl,,homepage; /kontakt; /contact,Level Solution Sp. z o.o.; Level Solution Sp. z o.o.
liderserwis.waw.pl,,homepage,"""Lider Serwis"" Sp. z o.o.; &quot;Lider Serwis&quot; Sp. z o.o."
losetka.pl,,,Losetka - Firma Sprzątająca; Losetka - Firma Sprzątająca
ltw.info.pl,,,L.T.w. Sp. z o.o.; L.T.w. Sp. z o.o.
lucrob.pl,,,Luc Rob S.C. Usługi Porządkowe Łukasz Sadłowski Robert Żek; Luc Rob S.C. Usługi Porządkowe Łukasz Sadłowski Robert Żek
marcusmp.pl,,homepage; /kontakt; /contact,"""Marcus"" Marek Popielarczyk; &quot;Marcus&quot; Marek Popielarczyk"
czystebiuro24.pl,kontakt@czystebiuro24.pl,homepage,Markus Group Sp. z o.o.; Markus Group Sp. z o.o.
dwieszczotki.pl,poczta@dwieszczotki.plPn,homepage,Marta Dąbrowska Dwie Szczotki; Marta Dąbrowska Dwie Szczotki
5stars-cleaning.pl,,,"Marzena Strojek Firma Usługowo-Handlowa ""Luxmar""; Marzena Strojek Firma Usługowo-Handlowa &quot;Luxmar&quot;"
matipat.pl,biuro@matipat.pl,homepage,Mat&Pat Sniżana Markowska; Mat&amp;Pat Sniżana Markowska
medler.pl,medler@medler.pl,homepage,Medler Sp. z o.o.; Medler Sp. z o.o.
mimar.pl,biuro@mimar.pl,homepage,Mimar S.C. Mariusz Radliński Jan Radliński Elżbieta Radlińska; Mimar S.C. Mariusz Radliński Jan Radliński Elżbieta Radlińska
miotlaczarownicy.pl,,homepage,Miotła Czarownicy Izabela Bejnarowicz-Faszcza; Miotła Czarownicy Izabela Bejnarowicz-Faszcza
praniewawa.pl,kontakt@praniewawa.pl,homepage,Miotła Sp. z o.o.; Miotła Sp. z o.o.
mobimop.pl,,homepage; /kontakt,Mobimop Sp. z o.o.; Mobimop Sp. z o.o.
glaro.pl,,,Mp&Ph Solution Sp. z o.o.; Mp&amp;Ph Solution Sp. z o.o.
zwalczszkodnika.com.pl,527-254-51-82biuro@zwalczszkodnika.com.pl,homepage; /kontakt,MS Pest Control Michał Szczepaniak; MS Pest Control Michał Szczepaniak
regmikasprzatanie-staging.b12sites.com,regmika.n@gmail.com,homepage,Nataliia Gorbatiuk; Nataliia Gorbatiuk
taniesprzatanie.eu,,,Net-Serwis Sp. z o.o.; Net-Serwis Sp. z o.o.
nomal.pl,,homepage; /kontakt; /contact,"""Nomal"" Marek Bajkowski; &quot;Nomal&quot; Marek Bajkowski"
novaclean.pl,,homepage; /kontakt; /contact,Nova Clean Sp. z o.o.; Nova Clean Sp. z o.o.
istotni.pl,kontakt@istotni.pl,homepage,Npk Szafran Sp. z o.o.; Npk Szafran Sp. z o.o.
okinfacility.pl,info.pl@okinfacility.com,homepage,Okin Facility Pl Sp. z o.o.; Okin Facility Pl Sp. z o.o.
olaser.pl,,,"""Olaser"" Sp. z o.o.; &quot;Olaser&quot; Sp. z o.o."
jkpucus.pl,reklamacje@jkpucus.pl,homepage; /kontakt,Olszewska Joanna Helena J.K. Pucuś; Olszewska Joanna Helena J.K. Pucuś
onyksclean.pl,,,Onyks Sp. z o.o.; Onyks Sp. z o.o.
ozonite.pl,dok@asari.pl,homepage,Ozonite Sp. z o.o.; Ozonite Sp. z o.o.
pami.pl,biurokielce@pami.pl,homepage,Pami; Pami
pralnia.pami.pl,biuro@pralnia.pami.pl,homepage,Pami Sp. z o.o. Sp.k.; Pami Sp. z o.o. Sp.k.
partnerserwis.com,,homepage; /kontakt; /contact,Partner Krzysztof Bąkowski; Partner Krzysztof Bąkowski
patras.pl,,homepage; /kontakt,Patras Sp. z o.o.; Patras Sp. z o.o.
clinux.pl,nasbiuro@clinux.pl,homepage,Pbs Cleaning Sp. z o.o.; Pbs Cleaning Sp. z o.o.
pepeservice.pl,,,PePe Service; PePe Service
perfectcleaning.pl,,homepage; /kontakt,Perfect Cleaning Sp. z o.o.; Perfect Cleaning Sp. z o.o.
perfectmovement.pl,biuro@perfectmovement.pl,homepage,Perfect Movement Sp. z o.o.; Perfect Movement Sp. z o.o.
perfectpolska.pl,info@perfectpolska.pl,homepage,Perfect Polska Sp. z o.o.; Perfect Polska Sp. z o.o.
perfectann.pl,srosinska@perfectann.pl,homepage,Perfectann Sp. z o.o.; Perfectann Sp. z o.o.
perfector.pl,,,"""Perfector"" Sp. z o.o.; &quot;Perfector&quot; Sp. z o.o."
gfm.com.pl,gfm@gfm.com.pl,homepage,Pest Control Service Łukasz Peła; Pest Control Service Łukasz Peła
skuplego.pl,kontakt@skuplego.pl,homepage,Piotr Kuźmiński Perfect Morning; Piotr Kuźmiński Perfect Morning
piram.pl,kontakt@piram.pl,homepage,Piram Sp. z o.o.; Piram Sp. z o.o.
pk-mycieokien.pl,,homepage,pk-mycieokien.pl; pk-mycieokien.pl
polita.com.pl,,homepage; /kontakt,"""Polita"" Sp. z o.o.; &quot;Polita&quot; Sp. z o.o."
pkz-zamek.com.pl,,,"Pracownie Konserwacji Zabytków ""Zamek"" Sp. z o.o.; Pracownie Konserwacji Zabytków &quot;Zamek&quot; Sp. z o.o."
pranie-kanap.pl,biuro@pranie-kanap.pl,homepage,Pranie-kanap.pl Serhii Hutsaliuk; Pranie-kanap.pl Serhii Hutsaliuk
pranie-tapicerki-warszawa.pl,kontakt@pranie-tapicerki-warszawa.pl,homepage,Praniekarcherem24.Pl Sebastian Wyszyński; Praniekarcherem24.Pl Sebastian Wyszyński
prasowalnia.pl,kontakt@prasowalnia.pl,homepage,Prasowalnia.pl p. z o.o.; Prasowalnia.pl p. z o.o.; Prasowalnia.pl p. z o.o.; Prasowalnia.pl p. z o.o.
prestiger.pl,info@prestiger.pl,homepage,Prestiger Sp. z o.o.; Prestiger Sp. z o.o.
sprzatacze.com.pl,sprzatacze@protonmail.com,homepage,"""Professional Clean 4 You"" Agencja Sprzątająca Iwona Oktaba; &quot;Professional Clean 4 You&quot; Agencja Sprzątająca Iwona Oktaba"
kantorsolec.pl,kantor.solec@vp.pl,homepage; /kontakt,Przedsiębiorstwo Handlowo-Usługowe Sławomir Podsiadły; Przedsiębiorstwo Handlowo-Usługowe Sławomir Podsiadły
skylinegroup.pl,,homepage,Przyjazne Sprzątanie Polska 1 Sp. z o.o.; Skyline Group Property Services - Obsługa Nieruchomości S.C.; Przyjazne Sprzątanie Polska 1 Sp. z o.o.; Skyline Group Property Services - Obsługa Nieruchomości S.C.
biuro.pureperfection@gmail.com,,homepage,Pure Perfection Sebastian Bębeński; Pure Perfection Sebastian Bębeński
purezza.pl,,,"""Purezza"" Grażyna Skrzypczak; &quot;Purezza&quot; Grażyna Skrzypczak"
purres.pl,kontakt@purres.pl,homepage,Purres Marta Włodarczyk; Purres Marta Włodarczyk
qualius.com.pl,57biuro@qualius.pl,homepage,Qualius Jacek Krytwiński; Qualius Jacek Krytwiński
higienika.pl,higienika@higienika.plHomeO,homepage,Rafał Kotus Higienika; Rafał Kotus Higienika
posprzatamyzaciebie.pl,kontakt@myzaciebie.pl,homepage,Rafał Sadoch; Rafał Sadoch
rakun.pl,norbert.rakun@gmail.com,homepage,Rakun Norbert Senderski; Rakun Norbert Senderski
insekton.pl,,homepage; /kontakt; /contact,Regem Sp. z o.o.; Regem Sp. z o.o.
renewals.pl,,,Renewals Sp. z o.o.; Renewals Sp. z o.o.
rgsprzatanie.pl,,homepage; /kontakt; /contact,"""RG"" Roman Gregorczyk; &quot;RG&quot; Roman Gregorczyk"
riocleaning.pl,biuro@riocleaning.pl,homepage,Rio Cleaning Services Sp. z o.o.; Rio Cleaning Services Sp. z o.o.
czyszczenie-parowe.pl,biuro@czyszczenie-parowe.pl,homepage,Robert Karmarz Roco Clean; Robert Karmarz Roco Clean
magicmebel.pl,,homepage; /kontakt; /contact,Robert Rudziński Magic Mebel; Robert Rudziński Magic Mebel
sprzatanie-budynkow.pl,984biuro@sprzatanie-budynkow.pl,homepage,"""Rop-Meg"" Sprzątanie Budynków - Obiektów Grzegorz Lechański; &quot;Rop-Meg&quot; Sprzątanie Budynków - Obiektów Grzegorz Lechański"
rubinclean.pl,,,Rubin Clean Katarzyna Skiba; Rubin Clean Katarzyna Skiba
sakar.com.pl,s.karczmarczyk@sakar.com.pl,homepage; /kontakt,Sakar Sp. z o.o.; Sakar Sp. z o.o.
sanaero.pl,,,San Aero Sp. z o.o.; San Aero Sp. z o.o.
sempartner.pl,,homepage; /kontakt; /contact,SEM Partner Dorota Wiśniewska-Zakowicz; SEM Partner Dorota Wiśniewska-Zakowicz
dddservice.pl,okazimierz@gmail.com,homepage,Service d.d.d. Iwona Ochorowicz; Service d.d.d. Iwona Ochorowicz
perla-waw.pl,biuro@perla-waw.pl,homepage,Serwis Sprzątający Perła Sp. z o.o.; Serwis Sprzątający Perła Sp. z o.o.
silverservice.pl,,homepage; /kontakt; /contact,Silver Service Sp. z o.o.; Silver Service Sp. z o.o.
silaczystosci.pl,biuro@silaczystosci.pl,homepage; /kontakt,Siła Czystości Mariia Melnyk; Siła Czystości Mariia Melnyk
simplexgroup.pl,gbogunia@simplexgroup.pl,homepage,Simplex Group Sp. z o.o.; Simplex Group Sp. z o.o.
wywozszamba-warszawa.pl,,homepage; /kontakt,Skała Wywóz szamba; Skała Wywóz szamba
mycieokien.waw.pl,,,Sky-Soft Sp. z o.o.; Sky-Soft Sp. z o.o.
swglob.pl,biuro@swglob.pl,homepage,Sławomir Wyżyński Glob; Sławomir Wyżyński Glob
spangler.pl,,homepage; /kontakt; /contact,"Spangler Sprzątanie domów, mieszkań , biur; Spangler Sprzątanie domów, mieszkań , biur"
spec-clean.pl,warszawa@spec-clean.pl,homepage,Spec-Clean; Spec-Clean
spektra.pl,biuro@spektra.pl,homepage,Spektra Serwis i Sp. z o.o.; Spektra Serwis Sp. z o.o.; Spektra Serwis i Sp. z o.o.; Spektra Serwis Sp. z o.o.
sprzatamy24.pl,janusz@037.pl,homepage,"""Sprzatamy24.pl""; &quot;Sprzatamy24.pl&quot;"
czyscidelko.letnet.pl,,,Sprzątanie czyŚcidełko; Sprzątanie czyŚcidełko
sprzataniena5.pl,biuro@sprzataniena5.pl,homepage,Sprzątanie na 5; Sprzątanie na 5
sprzataniepaprocki.pl,,homepage,Sprzątanie Paprocki; Sprzątanie Paprocki
strefaem.pl,jakub.bujakowski@gmail.com,homepage,Strefa Em Sp. z o.o.; Strefa Em Sp. z o.o. w Organizacji Sp.k.; Strefa Em Sp. z o.o.; Strefa Em Sp. z o.o. w Organizacji Sp.k.
strolux.pl,,,Strolux Sp. z o.o.; Strolux Sp. z o.o.
sunsc.pl,,homepage,SUN Service Cleaning Due Sp. z o.o.; Sun Service Cleaning i Sp. z o.o.; Sun Service Cleaning II Sp. z o.o.; Sun Service Cleaning Sp. z o.o.; SUN Service Cleaning Sp. z o.o.; SUN Service Cleaning Tre Sp. z o.o.; Sun Service Cleaning Vii Sp. z o.o.; SUN Service Cleaning Due Sp. z o.o.; Sun Service Cleaning i Sp. z o.o.; Sun Service Cleaning II Sp. z o.o.; Sun Service Cleaning Sp. z o.o.; SUN Service Cleaning Sp. z o.o.; SUN Service Cleaning Tre Sp. z o.o.; Sun Service Cleaning Vii Sp. z o.o.
integralproject.pl,,,Support Fm Sp. z o.o.; Support Fm Sp. z o.o.
system-serwis.eu,biuro@system-serwis.eu,homepage,System Serwis Sp. z o.o.; System Serwis Sp. z o.o.
szczotka.pl,poczta@szczotka.pl,homepage,Szczotka Plus Sp. z o.o.; Szczotka.Pl Sp. z o.o.; Szczotka Plus Sp. z o.o.; Szczotka.Pl Sp. z o.o.
teamwerk.pl,,,Teamwerk Sp. z o.o.; Teamwerk Sp. z o.o.
tectus.pl,biuro@tectus.pl,homepage,"""Tectus"" Agnieszka Jaworska; &quot;Tectus&quot; Agnieszka Jaworska"
tgcleaningservices.pl,,,T&G Cleaning Services Sp. z o.o.; T&amp;G Cleaning Services Sp. z o.o.
tidyteam.pl,738biuro@tidyteam.pl,homepage,Tidy Team Marlena Kozera; Tidy Team Marlena Kozera
czystafirma.pl,,homepage,Trest S. Gradek Sp. z o.o. w Organizacji; Trest S. Gradek Sp. z o.o. w Organizacji
backstagehd.com,,,Usługi Jacek Wołczyński; Usługi Jacek Wołczyński
porzadkilukasiewicz.waw.pl,,,Usługi Porządkowe Sprzątanie Wnętrz Bożena Łukasiewicz; Usługi Porządkowe Sprzątanie Wnętrz Bożena Łukasiewicz
vela-best.pl,,homepage; /kontakt; /contact,Vela Róża Błasik; Vela Róża Błasik
vendorservices.pl,biuro@vendorservices.pl,homepage,Vendor Services Tomasz Adryjańczyk; Vendor Services Tomasz Adryjańczyk
vitomad.pl,kontakt@vitomad.pl,homepage,Vitomad Group Sp. z o.o.; Vitomad Group Sp. z o.o.
effekthome.pl,,,Volha Yafimik Efekthome; Volha Yafimik Efekthome
warsaw-wash.pl,,,Warsaw Wash Company Sp. z o.o.; Warsaw Wash Company Sp. z o.o.
washwash.com.pl,kontakt@washwash.com.pl,homepage,Wash Wash Piotr Replin; Wash Wash Piotr Replin
rb4u.pl,,homepage,Wawaclean Sp. z o.o.; Wawaclean Sp. z o.o.
whitegard.com,,homepage; /kontakt; /contact,Whitegard Sp. z o.o.; Whitegard Sp. z o.o.
wodzilla.pl,,homepage; /kontakt,Wodzilla Dystrybutory Wody Sp. z o.o.; Wodzilla Dystrybutory Wody Sp. z o.o.
wodomiar-serwis.pl,wodomiar@interia.eu,homepage,Dariusz Grajda Wodomiar-Serwis; Dariusz Grajda Wodomiar-Serwis; Dariusz Grajda Wodomiar-Serwis; Dariusz Grajda Wodomiar-Serwis; Dariusz Grajda Wodomiar-Serwis; Dariusz Grajda Wodomiar-Serwis; Dariusz Grajda Wodomiar-Serwis; Dariusz Grajda Wodomiar-Serwis; Dariusz Grajda Wodomiar-Serwis; Dariusz Grajda Wodomiar-Serwis; Dariusz Grajda Wodomiar-Serwis; Dariusz Grajda Wodomiar-Serwis; Dariusz Grajda Wodomiar-Serwis; Dariusz Grajda Wodomiar-Serwis; Dariusz Grajda Wodomiar-Serwis; Dariusz Grajda Wodomiar-Serwis; Dariusz Grajda Wodomiar-Serwis; Dariusz Grajda Wodomiar-Serwis; Dariusz Grajda Wodomiar-Serwis; Dariusz Grajda Wodomiar-Serwis; Dariusz Grajda Wodomiar-Serwis; Dariusz Grajda Wodomiar-Serwis; Dariusz Grajda Wodomiar-Serwis; Dariusz Grajda Wodomiar-Serwis; Dariusz Grajda Wodomiar-Serwis; Dariusz Grajda Wodomiar-Serwis; Dariusz Grajda Wodomiar-Serwis; Dariusz Grajda Wodomiar-Serwis; Dariusz Grajda Wodomiar-Serwis; Dariusz Grajda Wodomiar-Serwis; Dariusz Grajda Wodomiar-Serwis; Dariusz Grajda Wodomiar-Serwis; Dariusz Grajda Wodomiar-Serwis; Dariusz Grajda Wodomiar-Serwis; Dariusz Grajda Wodomiar-Serwis; Dariusz Grajda Wodomiar-Serwis; Dariusz Grajda Wodomiar-Serwis; Dariusz Grajda Wodomiar-Serwis; Dariusz Grajda Wodomiar-Serwis; Dariusz Grajda Wodomiar-Serwis; Dariusz Grajda Wodomiar-Serwis; Dariusz Grajda Wodomiar-Serwis; Dariusz Grajda Wodomiar-Serwis; Dariusz Grajda Wodomiar-Serwis; Dariusz Grajda Wodomiar-Serwis; Dariusz Grajda Wodomiar-Serwis; Dariusz Grajda Wodomiar-Serwis; Dariusz Grajda Wodomiar-Serwis; Dariusz Grajda Wodomiar-Serwis; Dariusz Grajda Wodomiar-Serwis; Dariusz Grajda Wodomiar-Serwis; Dariusz Grajda Wodomiar-Serwis; Dariusz Grajda Wodomiar-Serwis; Dariusz Grajda Wodomiar-Serwis; Dariusz Grajda Wodomiar-Serwis; Dariusz Grajda Wodomiar-Serwis; Dariusz Grajda Wodomiar-Serwis; Dariusz Grajda Wodomiar-Serwis; Dariusz Grajda Wodomiar-Serwis; Dariusz Grajda Wodomiar-Serwis; Dariusz Grajda Wodomiar-Serwis; Dariusz Grajda Wodomiar-Serwis; Dariusz Grajda Wodomiar-Serwis; Dariusz Grajda Wodomiar-Serwis; Dariusz Grajda Wodomiar-Serwis; Dariusz Grajda Wodomiar-Serwis; Dariusz Grajda Wodomiar-Serwis; Dariusz Grajda Wodomiar-Serwis; Dariusz Grajda Wodomiar-Serwis; Dariusz Grajda Wodomiar-Serwis; Dariusz Grajda Wodomiar-Serwis; Dariusz Grajda Wodomiar-Serwis; Dariusz Grajda Wodomiar-Serwis; Dariusz Grajda Wodomiar-Serwis; Dariusz Grajda Wodomiar-Serwis; Dariusz Grajda Wodomiar-Serwis; Dariusz Grajda Wodomiar-Serwis; Dariusz Grajda Wodomiar-Serwis; Dariusz Grajda Wodomiar-Serwis; Dariusz Grajda Wodomiar-Serwis; Dariusz Grajda Wodomiar-Serwis; Dariusz Grajda Wodomiar-Serwis; Dariusz Grajda Wodomiar-Serwis; Dariusz Grajda Wodomiar-Serwis; Dariusz Grajda Wodomiar-Serwis; Dariusz Grajda Wodomiar-Serwis; Dariusz Grajda Wodomiar-Serwis; Dariusz Grajda Wodomiar-Serwis; Dariusz Grajda Wodomiar-Serwis; Dariusz Grajda Wodomiar-Serwis; Dariusz Grajda Wodomiar-Serwis; Dariusz Grajda Wodomiar-Serwis; Dariusz Grajda Wodomiar-Serwis; Dariusz Grajda Wodomiar-Serwis; Dariusz Grajda Wodomiar-Serwis; Dariusz Grajda Wodomiar-Serwis; Dariusz Grajda Wodomiar-Serwis; Dariusz Grajda Wodomiar-Serwis; Dariusz Grajda Wodomiar-Serwis; Dariusz Grajda Wodomiar-Serwis; Dariusz Grajda Wodomiar-Serwis; Dariusz Grajda Wodomiar-Serwis; Dariusz Grajda Wodomiar-Serwis; Dariusz Grajda Wodomiar-Serwis; Dariusz Grajda Wodomiar-Serwis; Dariusz Grajda Wodomiar-Serwis; Dariusz Grajda Wodomiar-Serwis; Dariusz Grajda Wodomiar-Serwis; Dariusz Grajda Wodomiar-Serwis; Dariusz Grajda Wodomiar-Serwis; Dariusz Grajda Wodomiar-Serwis; Dariusz Grajda Wodomiar-Serwis; Dariusz Grajda Wodomiar-Serwis; Dariusz Grajda Wodomiar-Serwis; Dariusz Grajda Wodomiar-Serwis; Dariusz Grajda Wodomiar-Serwis; Dariusz Grajda Wodomiar-Serwis; Dariusz Grajda Wodomiar-Serwis; Dariusz Grajda Wodomiar-Serwis; Dariusz Grajda Wodomiar-Serwis; Dariusz Grajda Wodomiar-Serwis; Dariusz Grajda Wodomiar-Serwis; Dariusz Grajda Wodomiar-Serwis; Dariusz Grajda Wodomiar-Serwis; Dariusz Grajda Wodomiar-Serwis; Dariusz Grajda Wodomiar-Serwis; Dariusz Grajda Wodomiar-Serwis; Dariusz Grajda Wodomiar-Serwis; Dariusz Grajda Wodomiar-Serwis; Dariusz Grajda Wodomiar-Serwis; Dariusz Grajda Wodomiar-Serwis; Dariusz Grajda Wodomiar-Serwis; Dariusz Grajda Wodomiar-Serwis; Dariusz Grajda Wodomiar-Serwis; Dariusz Grajda Wodomiar-Serwis; Dariusz Grajda Wodomiar-Serwis; Dariusz Grajda Wodomiar-Serwis; Dariusz Grajda Wodomiar-Serwis; Dariusz Grajda Wodomiar-Serwis; Dariusz Grajda Wodomiar-Serwis; Dariusz Grajda Wodomiar-Serwis
aga-pol.pl,,,Usługi Ogólnobudowlane Instalatorstwo Sanitarne i Gazowe Jacek Stroiński; Usługi Ogólnobudowlane Instalatorstwo Sanitarne i Gazowe Jacek Stroiński; Usługi Ogólnobudowlane Instalatorstwo Sanitarne i Gazowe Jacek Stroiński; Usługi Ogólnobudowlane Instalatorstwo Sanitarne i Gazowe Jacek Stroiński; Usługi Ogólnobudowlane Instalatorstwo Sanitarne i Gazowe Jacek Stroiński; Usługi Ogólnobudowlane Instalatorstwo Sanitarne i Gazowe Jacek Stroiński; Usługi Ogólnobudowlane Instalatorstwo Sanitarne i Gazowe Jacek Stroiński; Usługi Ogólnobudowlane Instalatorstwo Sanitarne i Gazowe Jacek Stroiński; Usługi Ogólnobudowlane Instalatorstwo Sanitarne i Gazowe Jacek Stroiński; Usługi Ogólnobudowlane Instalatorstwo Sanitarne i Gazowe Jacek Stroiński; Usługi Ogólnobudowlane Instalatorstwo Sanitarne i Gazowe Jacek Stroiński; Usługi Ogólnobudowlane Instalatorstwo Sanitarne i Gazowe Jacek Stroiński; Usługi Ogólnobudowlane Instalatorstwo Sanitarne i Gazowe Jacek Stroiński; Usługi Ogólnobudowlane Instalatorstwo Sanitarne i Gazowe Jacek Stroiński; Usługi Ogólnobudowlane Instalatorstwo Sanitarne i Gazowe Jacek Stroiński; Usługi Ogólnobudowlane Instalatorstwo Sanitarne i Gazowe Jacek Stroiński; Usługi Ogólnobudowlane Instalatorstwo Sanitarne i Gazowe Jacek Stroiński; Usługi Ogólnobudowlane Instalatorstwo Sanitarne i Gazowe Jacek Stroiński; Usługi Ogólnobudowlane Instalatorstwo Sanitarne i Gazowe Jacek Stroiński; Usługi Ogólnobudowlane Instalatorstwo Sanitarne i Gazowe Jacek Stroiński; Usługi Ogólnobudowlane Instalatorstwo Sanitarne i Gazowe Jacek Stroiński; Usługi Ogólnobudowlane Instalatorstwo Sanitarne i Gazowe Jacek Stroiński; Usługi Ogólnobudowlane Instalatorstwo Sanitarne i Gazowe Jacek Stroiński; Usługi Ogólnobudowlane Instalatorstwo Sanitarne i Gazowe Jacek Stroiński; Usługi Ogólnobudowlane Instalatorstwo Sanitarne i Gazowe Jacek Stroiński; Usługi Ogólnobudowlane Instalatorstwo Sanitarne i Gazowe Jacek Stroiński; Usługi Ogólnobudowlane Instalatorstwo Sanitarne i Gazowe Jacek Stroiński; Usługi Ogólnobudowlane Instalatorstwo Sanitarne i Gazowe Jacek Stroiński; Usługi Ogólnobudowlane Instalatorstwo Sanitarne i Gazowe Jacek Stroiński; Usługi Ogólnobudowlane Instalatorstwo Sanitarne i Gazowe Jacek Stroiński; Usługi Ogólnobudowlane Instalatorstwo Sanitarne i Gazowe Jacek Stroiński; Usługi Ogólnobudowlane Instalatorstwo Sanitarne i Gazowe Jacek Stroiński; Usługi Ogólnobudowlane Instalatorstwo Sanitarne i Gazowe Jacek Stroiński; Usługi Ogólnobudowlane Instalatorstwo Sanitarne i Gazowe Jacek Stroiński; Usługi Ogólnobudowlane Instalatorstwo Sanitarne i Gazowe Jacek Stroiński; Usługi Ogólnobudowlane Instalatorstwo Sanitarne i Gazowe Jacek Stroiński; Usługi Ogólnobudowlane Instalatorstwo Sanitarne i Gazowe Jacek Stroiński; Usługi Ogólnobudowlane Instalatorstwo Sanitarne i Gazowe Jacek Stroiński; Usługi Ogólnobudowlane Instalatorstwo Sanitarne i Gazowe Jacek Stroiński; Usługi Ogólnobudowlane Instalatorstwo Sanitarne i Gazowe Jacek Stroiński; Usługi Ogólnobudowlane Instalatorstwo Sanitarne i Gazowe Jacek Stroiński; Usługi Ogólnobudowlane Instalatorstwo Sanitarne i Gazowe Jacek Stroiński; Usługi Ogólnobudowlane Instalatorstwo Sanitarne i Gazowe Jacek Stroiński; Usługi Ogólnobudowlane Instalatorstwo Sanitarne i Gazowe Jacek Stroiński; Usługi Ogólnobudowlane Instalatorstwo Sanitarne i Gazowe Jacek Stroiński; Usługi Ogólnobudowlane Instalatorstwo Sanitarne i Gazowe Jacek Stroiński; Usługi Ogólnobudowlane Instalatorstwo Sanitarne i Gazowe Jacek Stroiński; Usługi Ogólnobudowlane Instalatorstwo Sanitarne i Gazowe Jacek Stroiński; Usługi Ogólnobudowlane Instalatorstwo Sanitarne i Gazowe Jacek Stroiński; Usługi Ogólnobudowlane Instalatorstwo Sanitarne i Gazowe Jacek Stroiński; Usługi Ogólnobudowlane Instalatorstwo Sanitarne i Gazowe Jacek Stroiński; Usługi Ogólnobudowlane Instalatorstwo Sanitarne i Gazowe Jacek Stroiński; Usługi Ogólnobudowlane Instalatorstwo Sanitarne i Gazowe Jacek Stroiński; Usługi Ogólnobudowlane Instalatorstwo Sanitarne i Gazowe Jacek Stroiński; Usługi Ogólnobudowlane Instalatorstwo Sanitarne i Gazowe Jacek Stroiński; Usługi Ogólnobudowlane Instalatorstwo Sanitarne i Gazowe Jacek Stroiński; Usługi Ogólnobudowlane Instalatorstwo Sanitarne i Gazowe Jacek Stroiński; Usługi Ogólnobudowlane Instalatorstwo Sanitarne i Gazowe Jacek Stroiński; Usługi Ogólnobudowlane Instalatorstwo Sanitarne i Gazowe Jacek Stroiński; Usługi Ogólnobudowlane Instalatorstwo Sanitarne i Gazowe Jacek Stroiński; Usługi Ogólnobudowlane Instalatorstwo Sanitarne i Gazowe Jacek Stroiński; Usługi Ogólnobudowlane Instalatorstwo Sanitarne i Gazowe Jacek Stroiński; Usługi Ogólnobudowlane Instalatorstwo Sanitarne i Gazowe Jacek Stroiński; Usługi Ogólnobudowlane Instalatorstwo Sanitarne i Gazowe Jacek Stroiński; Usługi Ogólnobudowlane Instalatorstwo Sanitarne i Gazowe Jacek Stroiński; Usługi Ogólnobudowlane Instalatorstwo Sanitarne i Gazowe Jacek Stroiński; Usługi Ogólnobudowlane Instalatorstwo Sanitarne i Gazowe Jacek Stroiński; Usługi Ogólnobudowlane Instalatorstwo Sanitarne i Gazowe Jacek Stroiński; Usługi Ogólnobudowlane Instalatorstwo Sanitarne i Gazowe Jacek Stroiński; Usługi Ogólnobudowlane Instalatorstwo Sanitarne i Gazowe Jacek Stroiński; Usługi Ogólnobudowlane Instalatorstwo Sanitarne i Gazowe Jacek Stroiński; Usługi Ogólnobudowlane Instalatorstwo Sanitarne i Gazowe Jacek Stroiński; Usługi Ogólnobudowlane Instalatorstwo Sanitarne i Gazowe Jacek Stroiński; Usługi Ogólnobudowlane Instalatorstwo Sanitarne i Gazowe Jacek Stroiński; Usługi Ogólnobudowlane Instalatorstwo Sanitarne i Gazowe Jacek Stroiński; Usługi Ogólnobudowlane Instalatorstwo Sanitarne i Gazowe Jacek Stroiński; Usługi Ogólnobudowlane Instalatorstwo Sanitarne i Gazowe Jacek Stroiński; Usługi Ogólnobudowlane Instalatorstwo Sanitarne i Gazowe Jacek Stroiński; Usługi Ogólnobudowlane Instalatorstwo Sanitarne i Gazowe Jacek Stroiński; Usługi Ogólnobudowlane Instalatorstwo Sanitarne i Gazowe Jacek Stroiński; Usługi Ogólnobudowlane Instalatorstwo Sanitarne i Gazowe Jacek Stroiński; Usługi Ogólnobudowlane Instalatorstwo Sanitarne i Gazowe Jacek Stroiński; Usługi Ogólnobudowlane Instalatorstwo Sanitarne i Gazowe Jacek Stroiński; Usługi Ogólnobudowlane Instalatorstwo Sanitarne i Gazowe Jacek Stroiński; Usługi Ogólnobudowlane Instalatorstwo Sanitarne i Gazowe Jacek Stroiński; Usługi Ogólnobudowlane Instalatorstwo Sanitarne i Gazowe Jacek Stroiński; Usługi Ogólnobudowlane Instalatorstwo Sanitarne i Gazowe Jacek Stroiński; Usługi Ogólnobudowlane Instalatorstwo Sanitarne i Gazowe Jacek Stroiński; Usługi Ogólnobudowlane Instalatorstwo Sanitarne i Gazowe Jacek Stroiński; Usługi Ogólnobudowlane Instalatorstwo Sanitarne i Gazowe Jacek Stroiński; Usługi Ogólnobudowlane Instalatorstwo Sanitarne i Gazowe Jacek Stroiński; Usługi Ogólnobudowlane Instalatorstwo Sanitarne i Gazowe Jacek Stroiński; Usługi Ogólnobudowlane Instalatorstwo Sanitarne i Gazowe Jacek Stroiński; Usługi Ogólnobudowlane Instalatorstwo Sanitarne i Gazowe Jacek Stroiński; Usługi Ogólnobudowlane Instalatorstwo Sanitarne i Gazowe Jacek Stroiński; Usługi Ogólnobudowlane Instalatorstwo Sanitarne i Gazowe Jacek Stroiński; Usługi Ogólnobudowlane Instalatorstwo Sanitarne i Gazowe Jacek Stroiński; Usługi Ogólnobudowlane Instalatorstwo Sanitarne i Gazowe Jacek Stroiński; Usługi Ogólnobudowlane Instalatorstwo Sanitarne i Gazowe Jacek Stroiński; Usługi Ogólnobudowlane Instalatorstwo Sanitarne i Gazowe Jacek Stroiński; Usługi Ogólnobudowlane Instalatorstwo Sanitarne i Gazowe Jacek Stroiński; Usługi Ogólnobudowlane Instalatorstwo Sanitarne i Gazowe Jacek Stroiński; Usługi Ogólnobudowlane Instalatorstwo Sanitarne i Gazowe Jacek Stroiński; Usługi Ogólnobudowlane Instalatorstwo Sanitarne i Gazowe Jacek Stroiński; Usługi Ogólnobudowlane Instalatorstwo Sanitarne i Gazowe Jacek Stroiński; Usługi Ogólnobudowlane Instalatorstwo Sanitarne i Gazowe Jacek Stroiński; Usługi Ogólnobudowlane Instalatorstwo Sanitarne i Gazowe Jacek Stroiński; Usługi Ogólnobudowlane Instalatorstwo Sanitarne i Gazowe Jacek Stroiński; Usługi Ogólnobudowlane Instalatorstwo Sanitarne i Gazowe Jacek Stroiński; Usługi Ogólnobudowlane Instalatorstwo Sanitarne i Gazowe Jacek Stroiński; Usługi Ogólnobudowlane Instalatorstwo Sanitarne i Gazowe Jacek Stroiński; Usługi Ogólnobudowlane Instalatorstwo Sanitarne i Gazowe Jacek Stroiński; Usługi Ogólnobudowlane Instalatorstwo Sanitarne i Gazowe Jacek Stroiński; Usługi Ogólnobudowlane Instalatorstwo Sanitarne i Gazowe Jacek Stroiński; Usługi Ogólnobudowlane Instalatorstwo Sanitarne i Gazowe Jacek Stroiński; Usługi Ogólnobudowlane Instalatorstwo Sanitarne i Gazowe Jacek Stroiński; Usługi Ogólnobudowlane Instalatorstwo Sanitarne i Gazowe Jacek Stroiński; Usługi Ogólnobudowlane Instalatorstwo Sanitarne i Gazowe Jacek Stroiński; Usługi Ogólnobudowlane Instalatorstwo Sanitarne i Gazowe Jacek Stroiński; Usługi Ogólnobudowlane Instalatorstwo Sanitarne i Gazowe Jacek Stroiński; Usługi Ogólnobudowlane Instalatorstwo Sanitarne i Gazowe Jacek Stroiński; Usługi Ogólnobudowlane Instalatorstwo Sanitarne i Gazowe Jacek Stroiński; Usługi Ogólnobudowlane Instalatorstwo Sanitarne i Gazowe Jacek Stroiński; Usługi Ogólnobudowlane Instalatorstwo Sanitarne i Gazowe Jacek Stroiński; Usługi Ogólnobudowlane Instalatorstwo Sanitarne i Gazowe Jacek Stroiński; Usługi Ogólnobudowlane Instalatorstwo Sanitarne i Gazowe Jacek Stroiński; Usługi Ogólnobudowlane Instalatorstwo Sanitarne i Gazowe Jacek Stroiński; Usługi Ogólnobudowlane Instalatorstwo Sanitarne i Gazowe Jacek Stroiński; Usługi Ogólnobudowlane Instalatorstwo Sanitarne i Gazowe Jacek Stroiński; Usługi Ogólnobudowlane Instalatorstwo Sanitarne i Gazowe Jacek Stroiński; Usługi Ogólnobudowlane Instalatorstwo Sanitarne i Gazowe Jacek Stroiński; Usługi Ogólnobudowlane Instalatorstwo Sanitarne i Gazowe Jacek Stroiński; Usługi Ogólnobudowlane Instalatorstwo Sanitarne i Gazowe Jacek Stroiński; Usługi Ogólnobudowlane Instalatorstwo Sanitarne i Gazowe Jacek Stroiński; Usługi Ogólnobudowlane Instalatorstwo Sanitarne i Gazowe Jacek Stroiński; Usługi Ogólnobudowlane Instalatorstwo Sanitarne i Gazowe Jacek Stroiński; Usługi Ogólnobudowlane Instalatorstwo Sanitarne i Gazowe Jacek Stroiński; Usługi Ogólnobudowlane Instalatorstwo Sanitarne i Gazowe Jacek Stroiński; Usługi Ogólnobudowlane Instalatorstwo Sanitarne i Gazowe Jacek Stroiński; Usługi Ogólnobudowlane Instalatorstwo Sanitarne i Gazowe Jacek Stroiński; Usługi Ogólnobudowlane Instalatorstwo Sanitarne i Gazowe Jacek Stroiński; Usługi Ogólnobudowlane Instalatorstwo Sanitarne i Gazowe Jacek Stroiński; Usługi Ogólnobudowlane Instalatorstwo Sanitarne i Gazowe Jacek Stroiński; Usługi Ogólnobudowlane Instalatorstwo Sanitarne i Gazowe Jacek Stroiński; Usługi Ogólnobudowlane Instalatorstwo Sanitarne i Gazowe Jacek Stroiński; Usługi Ogólnobudowlane Instalatorstwo Sanitarne i Gazowe Jacek Stroiński; Usługi Ogólnobudowlane Instalatorstwo Sanitarne i Gazowe Jacek Stroiński; Usługi Ogólnobudowlane Instalatorstwo Sanitarne i Gazowe Jacek Stroiński; Usługi Ogólnobudowlane Instalatorstwo Sanitarne i Gazowe Jacek Stroiński; Usługi Ogólnobudowlane Instalatorstwo Sanitarne i Gazowe Jacek Stroiński; Usługi Ogólnobudowlane Instalatorstwo Sanitarne i Gazowe Jacek Stroiński; Usługi Ogólnobudowlane Instalatorstwo Sanitarne i Gazowe Jacek Stroiński; Usługi Ogólnobudowlane Instalatorstwo Sanitarne i Gazowe Jacek Stroiński
voltconstruct-serhiidyachyk.pl,,homepage,Voltconstruct Serhii Dyachyk
sewers.pl,sewers.warszawa@gmail.com,homepage,Sewers Udrażnianie Kanalizacji
zakladuslugkominiarskich.pl,,homepage,Zakład Usług Kominiarskich Andrzej Kaleński - Jaśkiewicz
zupluk.pl,,,Zakład Usług Porządkowych Łukasz Krystyna
poludnie.pl,sekretariat@poludnie.pl,homepage; /kontakt,Zakłady Usługowe Południe Sp. z o.o.
zaradni.com,,homepage,&quot;Zaradni&quot; Sp. z o.o.
hydrochem.pl,,homepage; /kontakt; /contact,Żbik Zofia Sęczek
